Match,Player 1,Player 2,Player 3,Player 4,Player 5,Player 6
1,casteB,random3A,casteC,random3B,casteA,random3C
2,rotateB,rotateA,rotate0C,rotate0B,rotateC,rotate0A
3,random3C,randomC,randomA,randomB,random3A,random3B
4,randomB,rotate0A,randomC,rotate0B,randomA,rotate0C
5,casteB,turntakingA,turntakingC,casteA,casteC,turntakingB
6,challengerC,random3A,challengerA,random3C,random3B,challengerB
7,casteC,casteB,casteC,casteA,casteB,casteA
8,random3C,rotate0A,rotate0C,random3A,random3B,rotate0B
9,turntakingA,turntakingB,challengerB,challengerC,turntakingC,challengerA
10,random3B,rotateA,random3A,rotateC,rotateB,random3C
11,random3C,rotateB,rotateA,random3B,rotateC,random3A
12,randomC,radicaleqA,radicaleqB,radicaleqC,randomA,randomB
13,randomA,randomC,random3C,random3A,random3B,randomB
14,randomA,rotate0C,rotate0B,randomB,rotate0A,randomC
15,turntakingC,randomB,turntakingB,turntakingA,randomC,randomA
16,randomC,radicaleqA,randomA,randomB,radicaleqB,radicaleqC
17,random3B,rotate0A,random3C,rotate0B,random3A,rotate0C
18,radicaleqB,radicaleqC,challengerC,radicaleqA,challengerB,challengerA
19,random3C,random3B,random3A,random3C,random3B,random3A
20,challengerB,challengerA,casteC,casteB,challengerC,casteA
21,radicaleqC,radicaleqB,radicaleqC,radicaleqA,radicaleqA,radicaleqB
22,casteA,casteA,casteC,casteB,casteB,casteC
23,turntakingB,turntakingA,equalizeC,equalizeB,turntakingC,equalizeA
24,rotateB,random3A,rotateC,random3B,rotateA,random3C
25,challengerA,turntakingC,turntakingB,challengerB,turntakingA,challengerC
26,rotateA,rotateC,rotateB,rotateC,rotateB,rotateA
27,equalizeB,equalizeA,rotate0C,rotate0B,equalizeC,rotate0A
28,challengerC,randomB,challengerB,challengerA,randomC,randomA
29,equalizeC,radicaleqB,equalizeB,equalizeA,radicaleqC,radicaleqA
30,randomA,randomB,turntakingB,turntakingC,randomC,turntakingA
31,challengerB,turntakingA,challengerC,turntakingB,challengerA,turntakingC
32,rotateC,randomA,rotateA,randomC,randomB,rotateB
33,rotate0A,rotate0C,turntakingC,turntakingA,turntakingB,rotate0B
34,equalizeB,random3A,equalizeC,random3B,equalizeA,random3C
35,casteC,casteA,casteA,casteC,casteB,casteB
36,rotateA,equalizeC,equalizeB,rotateB,equalizeA,rotateC
37,challengerC,random3C,random3A,random3B,challengerA,challengerB
38,rotate0A,rotate0A,rotate0C,rotate0C,rotate0B,rotate0B
39,turntakingA,casteC,casteB,turntakingB,casteA,turntakingC
40,challengerC,rotate0C,rotate0A,rotate0B,challengerA,challengerB
41,rotate0C,rotate0B,rotate0C,rotate0A,rotate0A,rotate0B
42,turntakingA,turntakingB,rotateC,turntakingC,rotateA,rotateB
43,casteC,rotateC,rotateA,rotateB,casteA,casteB
44,equalizeA,equalizeB,radicaleqC,equalizeC,radicaleqA,radicaleqB
45,rotate0A,rotate0B,random3B,random3C,rotate0C,random3A
46,casteC,casteB,casteA,equalizeB,equalizeC,equalizeA
47,challengerA,challengerC,challengerB,challengerA,challengerB,challengerC
48,rotate0B,rotate0B,rotate0C,rotate0A,rotate0C,rotate0A
49,equalizeA,equalizeC,rotate0B,rotate0A,rotate0C,equalizeB
50,rotate0B,casteA,rotate0A,casteC,casteB,rotate0C
51,rotate0B,rotate0C,equalizeC,rotate0A,equalizeB,equalizeA
52,randomC,casteA,casteB,casteC,randomA,randomB
53,turntakingC,turntakingB,turntakingA,turntakingC,turntakingA,turntakingB
54,radicaleqB,rotateA,rotateC,radicaleqA,radicaleqC,rotateB
55,casteA,randomC,randomB,casteB,randomA,casteC
56,turntakingA,turntakingB,radicaleqC,turntakingC,radicaleqA,radicaleqB
57,casteB,casteA,radicaleqC,radicaleqB,casteC,radicaleqA
58,turntakingA,turntakingC,rotate0B,rotate0A,rotate0C,turntakingB
59,rotateC,randomB,rotateB,rotateA,randomC,randomA
60,turntakingA,turntakingB,randomC,turntakingC,randomA,randomB
61,randomC,challengerB,randomB,challengerA,randomA,challengerC
62,rotate0C,equalizeB,rotate0B,equalizeA,rotate0A,equalizeC
63,challengerB,challengerA,challengerB,challengerC,challengerC,challengerA
64,rotateC,rotateB,rotateA,rotate0B,rotate0C,rotate0A
65,casteB,challengerA,casteA,challengerC,challengerB,casteC
66,casteB,casteA,casteC,casteB,casteC,casteA
67,challengerA,radicaleqC,radicaleqB,challengerB,radicaleqA,challengerC
68,radicaleqB,radicaleqC,radicaleqB,radicaleqC,radicaleqA,radicaleqA
69,radicaleqA,radicaleqB,radicaleqC,radicaleqC,radicaleqB,radicaleqA
70,equalizeC,equalizeA,equalizeC,equalizeA,equalizeB,equalizeB
71,radicaleqC,turntakingA,turntakingB,turntakingC,radicaleqA,radicaleqB
72,equalizeC,turntakingA,turntakingB,turntakingC,equalizeA,equalizeB
73,random3A,random3C,turntakingC,turntakingA,turntakingB,random3B
74,rotateC,random3A,random3C,rotateA,rotateB,random3B
75,turntakingC,random3B,turntakingB,turntakingA,random3C,random3A
76,challengerB,challengerC,challengerA,challengerC,challengerB,challengerA
77,radicaleqB,random3A,radicaleqC,random3B,radicaleqA,random3C
78,challengerC,casteA,challengerA,casteC,casteB,challengerB
79,casteC,casteA,casteB,casteA,casteC,casteB
80,random3C,radicaleqB,random3B,radicaleqA,random3A,radicaleqC
81,randomA,randomC,randomB,randomB,randomC,randomA
82,rotate0A,rotate0C,casteC,casteA,casteB,rotate0B
83,rotate0C,turntakingA,turntakingB,turntakingC,rotate0A,rotate0B
84,equalizeC,equalizeB,equalizeA,randomB,randomC,randomA
85,challengerC,equalizeA,challengerA,equalizeC,equalizeB,challengerB
86,random3C,equalizeA,equalizeB,equalizeC,random3A,random3B
87,challengerA,challengerC,challengerC,challengerB,challengerA,challengerB
88,turntakingA,turntakingC,radicaleqB,radicaleqA,radicaleqC,turntakingB
89,rotate0C,turntakingB,turntakingA,rotate0B,turntakingC,rotate0A
90,equalizeB,turntakingA,equalizeA,turntakingC,turntakingB,equalizeC
91,random3C,random3C,random3B,random3A,random3A,random3B
92,radicaleqC,rotateB,radicaleqB,rotateA,radicaleqA,rotateC
93,random3C,challengerA,random3A,random3B,challengerB,challengerC
94,rotateC,rotate0A,rotate0C,rotateA,rotateB,rotate0B
95,challengerC,challengerA,challengerB,challengerB,challengerC,challengerA
96,turntakingB,randomA,turntakingC,randomB,turntakingA,randomC
97,randomC,equalizeA,equalizeB,equalizeC,randomA,randomB
98,equalizeA,equalizeB,challengerB,challengerC,equalizeC,challengerA
99,equalizeB,equalizeB,equalizeC,equalizeA,equalizeC,equalizeA
100,randomC,randomA,randomA,randomB,randomB,randomC
101,casteC,rotateA,rotateC,casteA,casteB,rotateB
102,equalizeB,equalizeC,equalizeA,equalizeC,equalizeB,equalizeA
103,randomC,random3B,random3A,randomB,random3C,randomA
104,randomA,randomB,randomC,radicaleqB,radicaleqC,radicaleqA
105,casteC,random3C,random3A,random3B,casteA,casteB
106,randomB,randomC,turntakingC,randomA,turntakingB,turntakingA
107,radicaleqB,radicaleqA,randomC,randomB,radicaleqC,randomA
108,equalizeB,equalizeA,random3C,random3B,equalizeC,random3A
109,random3B,random3C,random3A,random3C,random3A,random3B
110,casteC,rotate0B,casteB,casteA,rotate0C,rotate0A
111,radicaleqA,radicaleqB,turntakingB,turntakingC,radicaleqC,turntakingA
112,random3A,random3B,equalizeB,equalizeC,random3C,equalizeA
113,casteB,casteA,rotate0C,rotate0B,casteC,rotate0A
114,randomB,randomC,random3C,randomA,random3B,random3A
115,randomA,randomB,randomC,turntakingB,turntakingC,turntakingA
116,turntakingC,turntakingC,turntakingA,turntakingA,turntakingB,turntakingB
117,turntakingC,turntakingB,turntakingA,radicaleqB,radicaleqC,radicaleqA
118,random3A,random3C,randomB,randomA,randomC,random3B
119,equalizeC,radicaleqA,equalizeA,radicaleqC,radicaleqB,equalizeB
120,equalizeC,turntakingB,equalizeB,turntakingA,equalizeA,turntakingC
121,radicaleqC,challengerB,challengerA,radicaleqB,challengerC,radicaleqA
122,casteB,casteA,randomC,randomB,casteC,randomA
123,radicaleqA,radicaleqC,challengerC,challengerA,challengerB,radicaleqB
124,rotateA,rotateC,random3B,random3A,random3C,rotateB
125,rotateC,turntakingA,turntakingB,turntakingC,rotateA,rotateB
126,random3C,casteB,casteA,random3B,casteC,random3A
127,randomA,randomB,randomA,randomB,randomC,randomC
128,radicaleqC,rotate0A,rotate0C,radicaleqA,radicaleqB,rotate0B
129,radicaleqA,radicaleqB,random3C,radicaleqC,random3A,random3B
130,randomC,randomB,randomB,randomC,randomA,randomA
131,randomB,turntakingA,randomA,turntakingC,turntakingB,randomC
132,rotateC,rotateB,rotateC,rotateB,rotateA,rotateA
133,rotateB,rotateA,radicaleqC,radicaleqB,rotateC,radicaleqA
134,radicaleqC,equalizeB,radicaleqB,equalizeA,radicaleqA,equalizeC
135,rotateB,rotateC,turntakingC,rotateA,turntakingB,turntakingA
136,random3B,random3C,random3C,random3B,random3A,random3A
137,radicaleqA,radicaleqB,casteB,casteC,radicaleqC,casteA
138,random3C,rotate0C,rotate0A,rotate0B,random3A,random3B
139,randomC,rotateA,rotateB,rotateC,randomA,randomB
140,radicaleqC,equalizeB,equalizeA,radicaleqB,equalizeC,radicaleqA
141,equalizeC,radicaleqC,radicaleqA,radicaleqB,equalizeA,equalizeB
142,turntakingC,turntakingB,turntakingA,turntakingA,turntakingB,turntakingC
143,random3A,random3B,random3B,random3A,random3C,random3C
144,casteB,casteA,rotateC,rotateB,casteC,rotateA
145,casteC,equalizeA,equalizeC,casteA,casteB,equalizeB
146,random3B,random3C,equalizeC,random3A,equalizeB,equalizeA
147,equalizeC,equalizeB,equalizeA,random3B,random3C,random3A
148,casteA,casteC,casteC,casteB,casteA,casteB
149,challengerA,challengerB,random3C,challengerC,random3A,random3B
150,random3B,radicaleqA,radicaleqC,random3A,random3C,radicaleqB
151,casteA,casteC,random3B,random3A,random3C,casteB
152,turntakingB,challengerA,turntakingA,challengerC,challengerB,turntakingC
153,radicaleqC,radicaleqA,radicaleqA,radicaleqB,radicaleqB,radicaleqC
154,challengerB,challengerA,equalizeC,equalizeB,challengerC,equalizeA
155,turntakingB,rotateA,turntakingC,rotateB,turntakingA,rotateC
156,challengerA,challengerC,equalizeB,equalizeA,equalizeC,challengerB
157,challengerA,challengerB,challengerB,challengerC,challengerA,challengerC
158,radicaleqC,randomC,randomA,randomB,radicaleqA,radicaleqB
159,radicaleqA,radicaleqB,radicaleqC,rotateB,rotateC,rotateA
160,turntakingB,turntakingA,rotate0C,rotate0B,turntakingC,rotate0A
161,challengerB,challengerA,randomC,randomB,challengerC,randomA
162,random3A,random3B,randomC,random3C,randomA,randomB
163,casteC,equalizeB,casteB,casteA,equalizeC,equalizeA
164,random3C,random3A,random3C,random3A,random3B,random3B
165,equalizeB,equalizeC,challengerC,equalizeA,challengerB,challengerA
166,rotateA,rotateB,rotateA,rotateB,rotateC,rotateC
167,challengerB,challengerC,challengerC,challengerA,challengerB,challengerA
168,challengerC,equalizeC,equalizeA,equalizeB,challengerA,challengerB
169,casteA,rotate0C,rotate0B,casteB,rotate0A,casteC
170,challengerB,challengerA,rotate0C,rotate0B,challengerC,rotate0A
171,rotateA,rotateB,rotateC,rotateC,rotateA,rotateB
172,radicaleqB,randomA,radicaleqC,randomB,radicaleqA,randomC
173,casteA,equalizeC,equalizeB,casteB,equalizeA,casteC
174,casteC,rotateA,casteA,rotateC,rotateB,casteB
175,rotate0B,rotate0C,rotateC,rotate0A,rotateB,rotateA
176,randomC,equalizeB,equalizeA,randomB,equalizeC,randomA
177,casteC,casteB,casteB,casteC,casteA,casteA
178,rotate0C,rotate0A,rotate0B,rotate0B,rotate0C,rotate0A
179,turntakingC,turntakingB,turntakingA,casteB,casteC,casteA
180,randomC,radicaleqB,randomB,radicaleqA,randomA,radicaleqC
181,radicaleqB,radicaleqA,rotate0C,rotate0B,radicaleqC,rotate0A
182,randomA,randomC,rotateC,rotateA,rotateB,randomB
183,equalizeA,equalizeB,random3C,equalizeC,random3A,random3B
184,rotateC,rotate0C,rotate0A,rotate0B,rotateA,rotateB
185,rotateC,random3B,rotateB,rotateA,random3C,random3A
186,rotate0A,rotate0B,rotate0C,randomB,randomC,randomA
187,challengerC,rotateB,challengerB,challengerA,rotateC,rotateA
188,radicaleqC,equalizeA,radicaleqA,radicaleqB,equalizeB,equalizeC
189,equalizeA,equalizeB,randomC,equalizeC,randomA,randomB
190,rotateA,rotateC,randomB,randomA,randomC,rotateB
191,challengerC,casteB,challengerB,challengerA,casteC,casteA
192,rotateA,rotateC,radicaleqB,radicaleqA,radicaleqC,rotateB
193,rotate0B,radicaleqA,rotate0A,radicaleqC,radicaleqB,rotate0C
194,rotate0B,turntakingA,rotate0A,turntakingC,turntakingB,rotate0C
195,turntakingC,radicaleqA,turntakingA,radicaleqC,radicaleqB,turntakingB
196,casteA,casteC,casteB,casteC,casteA,casteB
197,rotateA,rotate0C,rotate0B,rotateB,rotate0A,rotateC
198,rotateB,rotateA,random3C,random3B,rotateC,random3A
199,rotate0C,random3B,random3A,rotate0B,random3C,rotate0A
200,rotateC,equalizeB,rotateB,rotateA,equalizeC,equalizeA
201,radicaleqB,casteA,casteC,radicaleqA,radicaleqC,casteB
202,casteB,casteA,random3C,random3B,casteC,random3A
203,random3C,random3B,random3A,random3C,random3B,random3A
204,equalizeC,random3B,equalizeB,equalizeA,random3C,random3A
205,radicaleqB,radicaleqC,radicaleqA,radicaleqA,radicaleqB,radicaleqC
206,challengerC,radicaleqB,challengerB,challengerA,radicaleqC,radicaleqA
207,challengerA,casteC,casteB,challengerB,casteA,challengerC
208,randomC,challengerB,challengerA,randomB,challengerC,randomA
209,rotateB,casteA,casteC,rotateA,rotateC,casteB
210,random3C,rotateA,rotateB,rotateC,random3A,random3B
211,radicaleqA,radicaleqB,rotateB,rotateC,radicaleqC,rotateA
212,casteC,equalizeC,equalizeA,equalizeB,casteA,casteB
213,radicaleqC,casteB,radicaleqB,casteA,radicaleqA,casteC
214,equalizeA,equalizeC,turntakingC,turntakingA,turntakingB,equalizeB
215,random3B,random3A,random3A,random3B,random3C,random3C
216,rotate0C,equalizeB,equalizeA,rotate0B,equalizeC,rotate0A
217,rotate0B,rotateA,rotateC,rotate0A,rotate0C,rotateB
218,rotate0C,casteB,casteA,rotate0B,casteC,rotate0A
219,turntakingB,turntakingC,turntakingB,turntakingA,turntakingC,turntakingA
220,turntakingC,turntakingA,turntakingC,turntakingB,turntakingA,turntakingB
221,turntakingA,turntakingC,turntakingA,turntakingB,turntakingC,turntakingB
222,casteA,casteC,turntakingC,turntakingA,turntakingB,casteB
223,rotate0B,equalizeA,equalizeC,rotate0A,rotate0C,equalizeB
224,rotateB,rotateC,rotateB,rotateA,rotateA,rotateC
225,radicaleqB,turntakingA,turntakingC,radicaleqA,radicaleqC,turntakingB
226,random3C,random3B,random3A,random3A,random3B,random3C
227,challengerB,random3A,challengerC,random3B,challengerA,random3C
228,turntakingA,turntakingB,equalizeC,turntakingC,equalizeA,equalizeB
229,equalizeA,equalizeB,equalizeC,casteB,casteC,casteA
230,rotate0C,randomA,rotate0A,rotate0B,randomB,randomC
231,challengerA,challengerB,rotateC,challengerC,rotateA,rotateB
232,equalizeA,equalizeB,equalizeC,equalizeA,equalizeC,equalizeB
233,rotateC,rotate0B,rotateB,rotateA,rotate0C,rotate0A
234,rotate0A,rotate0C,rotateC,rotateA,rotateB,rotate0B
235,radicaleqB,radicaleqB,radicaleqC,radicaleqC,radicaleqA,radicaleqA
236,equalizeC,rotate0B,equalizeB,equalizeA,rotate0C,rotate0A
237,rotate0B,equalizeA,rotate0A,equalizeC,equalizeB,rotate0C
238,rotate0A,rotate0B,rotate0C,turntakingB,turntakingC,turntakingA
239,rotateA,rotateC,rotateA,rotateB,rotateB,rotateC
240,radicaleqC,random3A,random3C,radicaleqA,radicaleqB,random3B
241,casteC,rotateB,casteB,casteA,rotateC,rotateA
242,rotateB,rotateA,rotateA,rotateC,rotateB,rotateC
243,rotate0B,rotate0C,casteC,rotate0A,casteB,casteA
244,turntakingA,turntakingC,equalizeB,equalizeA,equalizeC,turntakingB
245,casteA,casteB,casteA,casteC,casteB,casteC
246,rotate0A,rotate0B,rotate0B,rotate0C,rotate0A,rotate0C
247,equalizeA,equalizeC,random3B,random3A,random3C,equalizeB
248,radicaleqA,radicaleqB,rotate0C,radicaleqC,rotate0A,rotate0B
249,equalizeB,equalizeC,equalizeA,equalizeA,equalizeB,equalizeC
250,equalizeA,radicaleqC,radicaleqB,equalizeB,radicaleqA,equalizeC
251,challengerC,rotate0B,challengerB,challengerA,rotate0C,rotate0A
252,challengerB,rotate0A,challengerC,rotate0B,challengerA,rotate0C
253,challengerA,challengerB,challengerC,challengerA,challengerC,challengerB
254,randomA,randomB,randomB,randomC,randomC,randomA
255,turntakingB,turntakingC,turntakingC,turntakingA,turntakingA,turntakingB
256,radicaleqB,turntakingA,radicaleqA,turntakingC,turntakingB,radicaleqC
257,equalizeC,equalizeB,equalizeA,radicaleqB,radicaleqC,radicaleqA
258,rotate0A,rotate0B,rotate0C,equalizeB,equalizeC,equalizeA
259,randomC,random3A,random3B,random3C,randomA,randomB
260,equalizeB,challengerA,equalizeA,challengerC,challengerB,equalizeC
261,rotate0A,rotate0B,rotateB,rotateC,rotate0C,rotateA
262,challengerC,rotateC,rotateA,rotateB,challengerA,challengerB
263,equalizeB,equalizeA,radicaleqC,radicaleqB,equalizeC,radicaleqA
264,equalizeC,random3A,equalizeA,random3C,random3B,equalizeB
265,challengerA,equalizeC,equalizeB,challengerB,equalizeA,challengerC
266,casteA,casteB,randomC,casteC,randomA,randomB
267,rotateA,rotateA,rotateC,rotateB,rotateC,rotateB
268,radicaleqA,radicaleqB,equalizeB,equalizeC,radicaleqC,equalizeA
269,random3C,rotate0A,random3A,rotate0C,rotate0B,random3B
270,casteC,equalizeA,casteA,equalizeC,equalizeB,casteB
271,turntakingC,challengerB,challengerA,turntakingB,challengerC,turntakingA
272,random3A,random3C,rotate0B,rotate0A,rotate0C,random3B
273,turntakingC,randomA,randomC,turntakingA,turntakingB,randomB
274,challengerA,challengerC,turntakingB,turntakingA,turntakingC,challengerB
275,rotateB,rotateC,rotateA,rotateC,rotateA,rotateB
276,rotateC,challengerB,challengerA,rotateB,challengerC,rotateA
277,rotate0A,rotate0B,rotate0C,rotate0B,rotate0C,rotate0A
278,random3A,random3B,random3C,turntakingB,turntakingC,turntakingA
279,casteC,casteB,casteA,casteB,casteA,casteC
280,equalizeC,challengerA,equalizeA,equalizeB,challengerB,challengerC
281,challengerA,challengerC,casteB,casteA,casteC,challengerB
282,turntakingC,turntakingA,turntakingB,turntakingC,turntakingB,turntakingA
283,randomA,randomC,casteC,casteA,casteB,randomB
284,rotate0A,rotate0B,randomB,randomC,rotate0C,randomA
285,casteB,rotateA,casteC,rotateB,casteA,rotateC
286,rotateB,rotateC,challengerC,rotateA,challengerB,challengerA
287,rotate0C,rotate0A,rotate0A,rotate0B,rotate0C,rotate0B
288,turntakingC,rotateA,turntakingA,rotateC,rotateB,turntakingB
289,turntakingA,turntakingB,turntakingC,turntakingC,turntakingB,turntakingA
290,challengerB,radicaleqA,challengerC,radicaleqB,challengerA,radicaleqC
291,rotateC,casteA,casteB,casteC,rotateA,rotateB
292,randomB,challengerA,randomA,challengerC,challengerB,randomC
293,turntakingB,casteA,turntakingC,casteB,turntakingA,casteC
294,turntakingA,turntakingB,random3C,turntakingC,random3A,random3B
295,challengerA,rotateC,rotateB,challengerB,rotateA,challengerC
296,rotate0A,rotate0C,random3C,random3A,random3B,rotate0B
297,turntakingC,rotateC,rotateA,rotateB,turntakingA,turntakingB
298,random3C,radicaleqA,radicaleqB,radicaleqC,random3A,random3B
299,randomA,randomB,rotate0C,randomC,rotate0A,rotate0B
300,equalizeB,equalizeA,equalizeB,equalizeC,equalizeA,equalizeC
301,turntakingC,rotate0A,rotate0C,turntakingA,turntakingB,rotate0B
302,casteC,turntakingA,turntakingB,turntakingC,casteA,casteB
303,radicaleqC,turntakingB,radicaleqB,turntakingA,radicaleqA,turntakingC
304,radicaleqA,radicaleqC,rotateC,rotateA,rotateB,radicaleqB
305,challengerB,challengerA,rotateC,rotateB,challengerC,rotateA
306,turntakingB,random3A,turntakingC,random3B,turntakingA,random3C
307,equalizeC,challengerB,challengerA,equalizeB,challengerC,equalizeA
308,radicaleqA,random3C,random3B,radicaleqB,random3A,radicaleqC
309,equalizeC,random3C,random3A,random3B,equalizeA,equalizeB
310,radicaleqA,randomC,randomB,radicaleqB,randomA,radicaleqC
311,randomC,casteB,casteA,randomB,casteC,randomA
312,rotate0A,rotate0B,rotate0C,rotateB,rotateC,rotateA
313,turntakingC,random3C,random3A,random3B,turntakingA,turntakingB
314,challengerA,random3C,random3B,challengerB,random3A,challengerC
315,random3A,random3C,casteC,casteA,casteB,random3B
316,rotate0B,rotate0C,challengerC,rotate0A,challengerB,challengerA
317,radicaleqA,radicaleqB,radicaleqC,equalizeB,equalizeC,equalizeA
318,challengerA,challengerB,turntakingC,challengerC,turntakingA,turntakingB
319,rotate0B,challengerA,challengerC,rotate0A,rotate0C,challengerB
320,turntakingB,turntakingA,random3C,random3B,turntakingC,random3A
321,casteC,casteC,casteB,casteA,casteB,casteA
322,casteA,random3C,random3B,casteB,random3A,casteC
323,equalizeB,equalizeA,equalizeB,equalizeA,equalizeC,equalizeC
324,randomC,turntakingA,turntakingB,turntakingC,randomA,randomB
325,radicaleqC,randomA,randomC,radicaleqA,radicaleqB,randomB
326,turntakingB,turntakingA,rotateC,rotateB,turntakingC,rotateA
327,turntakingA,turntakingA,turntakingB,turntakingC,turntakingC,turntakingB
328,equalizeA,equalizeB,equalizeB,equalizeC,equalizeA,equalizeC
329,challengerC,turntakingC,turntakingA,turntakingB,challengerA,challengerB
330,challengerA,challengerB,rotate0C,challengerC,rotate0A,rotate0B
331,casteC,turntakingA,casteA,casteB,turntakingB,turntakingC
332,challengerC,challengerB,challengerA,rotateB,rotateC,rotateA
333,turntakingA,turntakingC,random3B,random3A,random3C,turntakingB
334,random3C,casteA,random3A,random3B,casteB,casteC
335,rotate0B,rotate0C,radicaleqC,rotate0A,radicaleqB,radicaleqA
336,casteA,casteC,radicaleqB,radicaleqA,radicaleqC,casteB
337,equalizeA,equalizeB,rotate0C,equalizeC,rotate0A,rotate0B
338,randomA,randomC,equalizeC,equalizeA,equalizeB,randomB
339,radicaleqC,casteB,casteA,radicaleqB,casteC,radicaleqA
340,randomB,randomC,rotateC,randomA,rotateB,rotateA
341,rotateC,equalizeA,rotateA,equalizeC,equalizeB,rotateB
342,radicaleqA,radicaleqC,randomB,randomA,randomC,radicaleqB
343,randomA,randomC,rotate0B,rotate0A,rotate0C,randomB
344,randomA,randomB,randomC,random3B,random3C,random3A
345,rotate0C,random3A,random3B,random3C,rotate0A,rotate0B
346,random3A,rotate0C,rotate0B,random3B,rotate0A,random3C
347,rotateB,radicaleqA,rotateC,radicaleqB,rotateA,radicaleqC
348,rotateA,rotateB,challengerB,challengerC,rotateC,challengerA
349,challengerB,challengerA,radicaleqC,radicaleqB,challengerC,radicaleqA
350,challengerC,challengerB,challengerA,rotate0B,rotate0C,rotate0A
351,challengerC,challengerB,challengerA,radicaleqB,radicaleqC,radicaleqA
352,equalizeC,equalizeB,equalizeA,rotate0B,rotate0C,rotate0A
353,randomC,equalizeB,randomB,equalizeA,randomA,equalizeC
354,challengerA,challengerB,challengerA,challengerB,challengerC,challengerC
355,challengerA,challengerB,challengerA,challengerC,challengerC,challengerB
356,random3B,random3A,randomC,randomB,random3C,randomA
357,casteC,turntakingB,casteB,turntakingA,casteA,turntakingC
358,radicaleqC,challengerA,challengerB,challengerC,radicaleqA,radicaleqB
359,equalizeC,turntakingB,turntakingA,equalizeB,turntakingC,equalizeA
360,randomB,casteA,casteC,randomA,randomC,casteB
361,randomC,rotateB,randomB,rotateA,randomA,rotateC
362,randomC,rotate0C,rotate0A,rotate0B,randomA,randomB
363,randomC,turntakingB,turntakingA,randomB,turntakingC,randomA
364,rotate0A,rotate0B,equalizeB,equalizeC,rotate0C,equalizeA
365,rotate0A,rotate0B,rotate0B,rotate0C,rotate0A,rotate0C
366,challengerC,challengerB,challengerA,equalizeB,equalizeC,equalizeA
367,radicaleqC,casteA,radicaleqA,radicaleqB,casteB,casteC
368,random3B,random3A,rotate0C,rotate0B,random3C,rotate0A
369,casteC,radicaleqA,casteA,radicaleqC,radicaleqB,casteB
370,rotate0C,equalizeA,equalizeB,equalizeC,rotate0A,rotate0B
371,radicaleqB,radicaleqC,equalizeC,radicaleqA,equalizeB,equalizeA
372,challengerA,challengerC,random3B,random3A,random3C,challengerB
373,randomB,radicaleqA,randomA,radicaleqC,radicaleqB,randomC
374,casteA,casteC,rotateB,rotateA,rotateC,casteB
375,turntakingA,turntakingC,challengerC,challengerA,challengerB,turntakingB
376,radicaleqC,randomA,radicaleqA,randomC,randomB,radicaleqB
377,random3B,random3C,radicaleqC,random3A,radicaleqB,radicaleqA
378,rotate0B,randomA,rotate0A,randomC,randomB,rotate0C
379,equalizeB,rotate0A,equalizeC,rotate0B,equalizeA,rotate0C
380,equalizeC,randomA,randomC,equalizeA,equalizeB,randomB
381,rotateB,rotateC,rotateC,rotateA,rotateB,rotateA
382,random3C,radicaleqB,radicaleqA,random3B,radicaleqC,random3A
383,randomA,randomB,randomC,casteB,casteC,casteA
384,radicaleqC,rotateA,rotateB,rotateC,radicaleqA,radicaleqB
385,casteC,random3B,casteB,casteA,random3C,random3A
386,turntakingC,radicaleqB,turntakingB,turntakingA,radicaleqC,radicaleqA
387,challengerA,challengerC,rotate0B,rotate0A,rotate0C,challengerB
388,turntakingA,radicaleqC,radicaleqB,turntakingB,radicaleqA,turntakingC
389,turntakingB,turntakingC,turntakingC,turntakingB,turntakingA,turntakingA
390,randomA,randomB,radicaleqB,radicaleqC,randomC,radicaleqA
391,casteB,rotate0A,casteC,rotate0B,casteA,rotate0C
392,rotateB,rotateC,casteC,rotateA,casteB,casteA
393,randomA,randomB,challengerB,challengerC,randomC,challengerA
394,turntakingB,turntakingC,turntakingA,turntakingC,turntakingB,turntakingA
395,random3C,challengerB,random3B,challengerA,random3A,challengerC
396,radicaleqC,rotate0A,radicaleqA,rotate0C,rotate0B,radicaleqB
397,random3A,random3B,radicaleqB,radicaleqC,random3C,radicaleqA
398,casteB,casteC,casteA,casteB,casteA,casteC
399,randomB,equalizeA,equalizeC,randomA,randomC,equalizeB
400,rotate0A,rotate0B,casteB,casteC,rotate0C,casteA
401,challengerC,equalizeA,equalizeC,challengerA,challengerB,equalizeB
402,randomC,random3A,randomA,randomB,random3B,random3C
403,challengerA,challengerC,rotateB,rotateA,rotateC,challengerB
404,randomC,randomA,randomA,randomC,randomB,randomB
405,rotateC,random3C,random3A,random3B,rotateA,rotateB
406,radicaleqA,radicaleqA,radicaleqB,radicaleqC,radicaleqB,radicaleqC
407,rotate0A,rotate0B,turntakingB,turntakingC,rotate0C,turntakingA
408,random3A,random3C,challengerC,challengerA,challengerB,random3B
409,turntakingB,rotate0A,turntakingC,rotate0B,turntakingA,rotate0C
410,turntakingA,turntakingB,casteC,turntakingC,casteA,casteB
411,turntakingC,equalizeA,turntakingA,equalizeC,equalizeB,turntakingB
412,randomB,radicaleqA,radicaleqC,randomA,randomC,radicaleqB
413,randomC,challengerA,challengerB,challengerC,randomA,randomB
414,equalizeC,randomA,equalizeA,randomC,randomB,equalizeB
415,turntakingA,turntakingB,turntakingB,turntakingC,turntakingC,turntakingA
416,rotateC,radicaleqA,radicaleqC,rotateA,rotateB,radicaleqB
417,rotateC,rotateB,rotateA,random3B,random3C,random3A
418,rotate0C,equalizeA,rotate0A,rotate0B,equalizeB,equalizeC
419,random3C,turntakingA,turntakingB,turntakingC,random3A,random3B
420,turntakingC,rotate0B,turntakingB,turntakingA,rotate0C,rotate0A
421,rotate0B,rotate0C,rotate0A,rotate0C,rotate0A,rotate0B
422,rotate0C,randomB,randomA,rotate0B,randomC,rotate0A
423,random3B,random3A,random3C,random3B,random3A,random3C
424,rotateC,casteB,casteA,rotateB,casteC,rotateA
425,rotateB,randomA,rotateC,randomB,rotateA,randomC
426,equalizeB,rotateA,rotateC,equalizeA,equalizeC,rotateB
427,randomC,casteA,randomA,randomB,casteB,casteC
428,rotateB,casteA,rotateA,casteC,casteB,rotateC
429,rotateC,random3A,rotateA,random3C,random3B,rotateB
430,rotateA,random3C,random3B,rotateB,random3A,rotateC
431,rotate0A,rotate0B,rotate0C,casteB,casteC,casteA
432,turntakingC,randomC,randomA,randomB,turntakingA,turntakingB
433,equalizeB,equalizeC,turntakingC,equalizeA,turntakingB,turntakingA
434,rotate0B,rotate0C,random3C,rotate0A,random3B,random3A
435,equalizeB,turntakingA,turntakingC,equalizeA,equalizeC,turntakingB
436,casteC,rotate0C,rotate0A,rotate0B,casteA,casteB
437,challengerC,rotateA,rotateC,challengerA,challengerB,rotateB
438,equalizeB,equalizeC,equalizeB,equalizeC,equalizeA,equalizeA
439,casteA,casteC,challengerC,challengerA,challengerB,casteB
440,rotateB,rotateA,rotateB,rotateC,rotateC,rotateA
441,rotateA,rotateC,casteC,casteA,casteB,rotateB
442,casteA,casteB,challengerB,challengerC,casteC,challengerA
443,rotate0A,rotate0C,randomC,randomA,randomB,rotate0B
444,random3B,rotateA,rotateC,random3A,random3C,rotateB
445,random3B,random3C,turntakingC,random3A,turntakingB,turntakingA
446,casteC,rotate0A,casteA,rotate0C,rotate0B,casteB
447,rotateA,randomC,randomB,rotateB,randomA,rotateC
448,casteA,casteC,casteB,casteB,casteC,casteA
449,random3A,random3A,random3B,random3C,random3C,random3B
450,casteB,turntakingA,casteA,turntakingC,turntakingB,casteC
451,challengerB,randomA,challengerC,randomB,challengerA,randomC
452,randomA,randomB,randomC,challengerB,challengerC,challengerA
453,casteB,casteB,casteC,casteA,casteA,casteC
454,challengerB,challengerA,challengerB,challengerC,challengerA,challengerC
455,equalizeC,casteB,casteA,equalizeB,casteC,equalizeA
456,casteC,random3A,random3C,casteA,casteB,random3B
457,turntakingC,radicaleqA,radicaleqC,turntakingA,turntakingB,radicaleqB
458,rotate0C,rotateB,rotateA,rotate0B,rotateC,rotate0A
459,turntakingC,equalizeB,turntakingB,turntakingA,equalizeC,equalizeA
460,turntakingC,random3A,turntakingA,random3C,random3B,turntakingB
461,casteB,casteC,challengerC,casteA,challengerB,challengerA
462,rotate0B,rotate0C,turntakingC,rotate0A,turntakingB,turntakingA
463,rotateB,challengerA,rotateA,challengerC,challengerB,rotateC
464,radicaleqA,radicaleqA,radicaleqB,radicaleqB,radicaleqC,radicaleqC
465,casteC,randomA,casteA,randomC,randomB,casteB
466,casteB,casteA,casteB,casteA,casteC,casteC
467,randomB,rotateA,rotateC,randomA,randomC,rotateB
468,equalizeC,rotateA,rotateB,rotateC,equalizeA,equalizeB
469,randomB,random3A,random3C,randomA,randomC,random3B
470,radicaleqC,challengerB,radicaleqB,challengerA,radicaleqA,challengerC
471,equalizeB,equalizeC,rotateC,equalizeA,rotateB,rotateA
472,rotate0C,radicaleqA,rotate0A,rotate0B,radicaleqB,radicaleqC
473,rotate0C,rotateA,rotateB,rotateC,rotate0A,rotate0B
474,equalizeC,casteA,casteB,casteC,equalizeA,equalizeB
475,rotateA,rotateB,turntakingB,turntakingC,rotateC,turntakingA
476,equalizeC,radicaleqA,radicaleqC,equalizeA,equalizeB,radicaleqB
477,turntakingB,turntakingA,turntakingA,turntakingB,turntakingC,turntakingC
478,randomA,randomC,challengerC,challengerA,challengerB,randomB
479,random3B,randomA,random3C,randomB,random3A,randomC
480,rotate0C,rotate0C,rotate0B,rotate0B,rotate0A,rotate0A
481,random3A,random3C,random3B,random3A,random3C,random3B
482,casteA,casteB,casteA,casteC,casteC,casteB
483,random3A,random3B,random3C,challengerB,challengerC,challengerA
484,rotate0A,rotate0B,rotate0C,radicaleqB,radicaleqC,radicaleqA
485,random3C,random3A,random3B,random3B,random3C,random3A
486,turntakingC,casteA,turntakingA,casteC,casteB,turntakingB
487,rotateA,radicaleqC,radicaleqB,rotateB,radicaleqA,rotateC
488,randomA,randomC,randomC,randomB,randomA,randomB
489,turntakingB,radicaleqA,turntakingC,radicaleqB,turntakingA,radicaleqC
490,challengerC,radicaleqA,challengerA,radicaleqC,radicaleqB,challengerB
491,equalizeA,equalizeC,casteC,casteA,casteB,equalizeB
492,turntakingC,challengerA,turntakingA,turntakingB,challengerB,challengerC
493,turntakingC,challengerB,turntakingB,challengerA,turntakingA,challengerC
494,radicaleqB,rotateA,radicaleqA,rotateC,rotateB,radicaleqC
495,casteA,radicaleqC,radicaleqB,casteB,radicaleqA,casteC
496,randomC,rotate0A,randomA,rotate0C,rotate0B,randomB
497,turntakingA,turntakingA,turntakingB,turntakingB,turntakingC,turntakingC
498,challengerA,challengerC,radicaleqB,radicaleqA,radicaleqC,challengerB
499,challengerA,challengerB,casteC,challengerC,casteA,casteB
500,casteA,casteB,equalizeC,casteC,equalizeA,equalizeB
501,rotate0C,turntakingA,rotate0A,rotate0B,turntakingB,turntakingC
502,equalizeB,equalizeA,randomC,randomB,equalizeC,randomA
503,casteC,radicaleqB,casteB,casteA,radicaleqC,radicaleqA
504,turntakingC,turntakingB,turntakingA,rotateB,rotateC,rotateA
505,radicaleqB,rotate0A,radicaleqC,rotate0B,radicaleqA,rotate0C
506,random3A,random3C,radicaleqC,radicaleqA,radicaleqB,random3B
507,rotate0C,rotateA,rotate0A,rotate0B,rotateB,rotateC
508,equalizeC,equalizeB,equalizeC,equalizeA,equalizeA,equalizeB
509,random3C,turntakingB,turntakingA,random3B,turntakingC,random3A
510,radicaleqB,casteA,radicaleqA,casteC,casteB,radicaleqC
511,casteA,casteB,casteC,turntakingB,turntakingC,turntakingA
512,rotate0C,radicaleqB,radicaleqA,rotate0B,radicaleqC,rotate0A
513,rotateB,challengerA,challengerC,rotateA,rotateC,challengerB
514,rotate0B,casteA,casteC,rotate0A,rotate0C,casteB
515,randomC,random3B,randomB,random3A,randomA,random3C
516,rotateC,rotateB,rotateA,equalizeB,equalizeC,equalizeA
517,turntakingA,turntakingB,turntakingC,turntakingB,turntakingA,turntakingC
518,turntakingB,turntakingB,turntakingC,turntakingC,turntakingA,turntakingA
519,equalizeC,rotateB,rotateA,equalizeB,rotateC,equalizeA
520,rotateB,rotateA,randomC,randomB,rotateC,randomA
521,rotate0A,rotate0B,challengerB,challengerC,rotate0C,challengerA
522,rotateC,rotateA,rotateC,rotateA,rotateB,rotateB
523,casteC,randomA,randomC,casteA,casteB,randomB
524,turntakingC,radicaleqC,radicaleqA,radicaleqB,turntakingA,turntakingB
525,radicaleqC,random3A,radicaleqA,random3C,random3B,radicaleqB
526,radicaleqC,challengerA,radicaleqA,radicaleqB,challengerB,challengerC
527,casteC,casteB,casteA,random3B,random3C,random3A
528,randomB,randomC,casteC,randomA,casteB,casteA
529,rotateC,equalizeA,equalizeC,rotateA,rotateB,equalizeB
530,rotateA,rotateB,rotateC,challengerB,challengerC,challengerA
531,turntakingA,rotate0C,rotate0B,turntakingB,rotate0A,turntakingC
532,challengerB,challengerA,challengerC,challengerC,challengerB,challengerA
533,randomC,rotate0B,randomB,randomA,rotate0C,rotate0A
534,random3A,random3C,random3B,random3A,random3C,random3B
535,radicaleqA,radicaleqC,random3B,random3A,random3C,radicaleqB
536,rotateC,casteB,rotateB,casteA,rotateA,casteC
537,random3C,equalizeB,equalizeA,random3B,equalizeC,random3A
538,rotate0A,rotate0C,rotate0C,rotate0B,rotate0B,rotate0A
539,rotate0B,random3A,random3C,rotate0A,rotate0C,random3B
540,challengerB,challengerA,turntakingC,turntakingB,challengerC,turntakingA
541,rotate0C,casteA,rotate0A,rotate0B,casteB,casteC
542,rotateC,rotateA,rotateB,rotateB,rotateC,rotateA
543,turntakingA,turntakingC,randomB,randomA,randomC,turntakingB
544,casteA,casteC,equalizeB,equalizeA,equalizeC,casteB
545,casteC,casteB,casteA,rotateB,rotateC,rotateA
546,randomC,randomC,randomA,randomB,randomA,randomB
547,rotate0C,challengerA,rotate0A,rotate0B,challengerB,challengerC
548,rotate0B,rotateA,rotate0A,rotateC,rotateB,rotate0C
549,randomA,randomB,random3B,random3C,randomC,random3A
550,random3C,random3B,random3A,randomB,randomC,randomA
551,radicaleqC,turntakingA,radicaleqA,radicaleqB,turntakingB,turntakingC
552,rotateC,rotate0A,rotateA,rotate0C,rotate0B,rotateB
553,rotate0A,rotate0C,equalizeC,equalizeA,equalizeB,rotate0B
554,random3C,casteB,random3B,casteA,random3A,casteC
555,randomB,randomC,radicaleqC,randomA,radicaleqB,radicaleqA
556,random3A,random3C,random3A,random3B,random3B,random3C
557,equalizeC,rotate0A,rotate0C,equalizeA,equalizeB,rotate0B
558,randomA,randomA,randomC,randomB,randomB,randomC
559,equalizeA,equalizeC,radicaleqB,radicaleqA,radicaleqC,equalizeB
560,equalizeA,equalizeB,rotateB,rotateC,equalizeC,rotateA
561,random3B,random3A,random3C,random3B,random3A,random3C
562,randomB,randomC,challengerC,randomA,challengerB,challengerA
563,random3B,challengerA,challengerC,random3A,random3C,challengerB
564,casteC,randomC,randomA,randomB,casteA,casteB
565,random3B,casteA,random3A,casteC,casteB,random3C
566,challengerC,challengerB,challengerA,turntakingB,turntakingC,turntakingA
567,rotateB,turntakingA,turntakingC,rotateA,rotateC,turntakingB
568,random3C,randomB,random3B,random3A,randomC,randomA
569,randomA,randomB,randomC,rotateB,rotateC,rotateA
570,challengerC,challengerA,challengerC,challengerB,challengerA,challengerB
571,turntakingC,rotateA,rotateC,turntakingA,turntakingB,rotateB
572,turntakingC,equalizeC,equalizeA,equalizeB,turntakingA,turntakingB
573,random3C,random3A,random3B,random3B,random3A,random3C
574,challengerC,challengerA,challengerB,challengerA,challengerB,challengerC
575,rotate0A,rotate0C,rotate0A,rotate0B,rotate0B,rotate0C
576,radicaleqA,radicaleqC,rotate0B,rotate0A,rotate0C,radicaleqB
577,randomA,randomB,rotateB,rotateC,randomC,rotateA
578,turntakingC,casteB,turntakingB,turntakingA,casteC,casteA
579,rotateA,rotateC,turntakingC,turntakingA,turntakingB,rotateB
580,rotateC,radicaleqA,rotateA,radicaleqC,radicaleqB,rotateB
581,rotate0A,rotate0C,challengerC,challengerA,challengerB,rotate0B
582,randomB,randomB,randomC,randomA,randomA,randomC
583,challengerA,challengerB,challengerC,challengerC,challengerA,challengerB
584,turntakingB,turntakingA,randomC,randomB,turntakingC,randomA
585,casteC,challengerA,challengerB,challengerC,casteA,casteB
586,rotateA,rotateB,rotateB,rotateC,rotateA,rotateC
587,rotateC,turntakingB,turntakingA,rotateB,turntakingC,rotateA
588,equalizeC,challengerA,challengerB,challengerC,equalizeA,equalizeB
589,rotateC,randomC,randomA,randomB,rotateA,rotateB
590,random3C,casteA,casteB,casteC,random3A,random3B
591,casteB,randomA,casteC,randomB,casteA,randomC
592,rotateA,rotateB,equalizeC,rotateC,equalizeA,equalizeB
593,equalizeA,random3C,random3B,equalizeB,random3A,equalizeC
594,equalizeA,equalizeA,equalizeB,equalizeC,equalizeB,equalizeC
595,radicaleqA,radicaleqA,radicaleqB,radicaleqC,radicaleqB,radicaleqC
596,rotateB,turntakingA,rotateA,turntakingC,turntakingB,rotateC
597,random3A,random3C,rotateC,rotateA,rotateB,random3B
598,random3B,random3C,casteC,random3A,casteB,casteA
599,rotateC,casteA,rotateA,rotateB,casteB,casteC
600,radicaleqA,radicaleqB,randomC,radicaleqC,randomA,randomB
601,radicaleqC,radicaleqA,radicaleqA,radicaleqB,radicaleqC,radicaleqB
602,radicaleqB,radicaleqC,radicaleqB,radicaleqC,radicaleqA,radicaleqA
603,rotate0C,challengerA,challengerB,challengerC,rotate0A,rotate0B
604,challengerC,radicaleqA,radicaleqC,challengerA,challengerB,radicaleqB
605,radicaleqC,equalizeA,equalizeB,equalizeC,radicaleqA,radicaleqB
606,radicaleqC,turntakingB,turntakingA,radicaleqB,turntakingC,radicaleqA
607,randomA,randomB,randomC,equalizeB,equalizeC,equalizeA
608,casteB,casteC,turntakingC,casteA,turntakingB,turntakingA
609,radicaleqC,radicaleqB,radicaleqA,random3B,random3C,random3A
610,casteC,casteA,casteB,casteC,casteB,casteA
611,radicaleqB,radicaleqC,casteC,radicaleqA,casteB,casteA
612,equalizeA,equalizeB,casteB,casteC,equalizeC,casteA
613,random3B,radicaleqA,random3A,radicaleqC,radicaleqB,random3C
614,turntakingC,randomA,turntakingA,randomC,randomB,turntakingB
615,challengerB,rotateA,challengerC,rotateB,challengerA,rotateC
616,randomB,randomC,randomC,randomA,randomB,randomA
617,rotate0C,challengerB,rotate0B,challengerA,rotate0A,challengerC
618,casteA,casteB,rotate0C,casteC,rotate0A,rotate0B
619,randomB,randomC,equalizeC,randomA,equalizeB,equalizeA
620,rotateC,challengerB,rotateB,challengerA,rotateA,challengerC
621,rotateA,rotateB,rotate0C,rotateC,rotate0A,rotate0B
622,casteA,casteC,randomB,randomA,randomC,casteB
623,random3B,equalizeA,random3A,equalizeC,equalizeB,random3C
624,challengerC,rotate0A,challengerA,rotate0C,rotate0B,challengerB
625,casteB,radicaleqA,casteC,radicaleqB,casteA,radicaleqC
626,radicaleqC,random3B,radicaleqB,radicaleqA,random3C,random3A
627,equalizeB,casteA,casteC,equalizeA,equalizeC,casteB
628,casteB,equalizeA,casteC,equalizeB,casteA,equalizeC
629,turntakingB,equalizeA,turntakingC,equalizeB,turntakingA,equalizeC
630,casteA,casteB,casteC,casteB,casteA,casteC
631,randomC,rotateA,randomA,randomB,rotateB,rotateC
632,challengerC,turntakingA,challengerA,turntakingC,turntakingB,challengerB
633,turntakingC,rotate0A,turntakingA,rotate0C,rotate0B,turntakingB
634,turntakingC,turntakingB,turntakingA,rotate0B,rotate0C,rotate0A
635,random3A,random3B,random3C,equalizeB,equalizeC,equalizeA
636,radicaleqC,random3C,random3A,random3B,radicaleqA,radicaleqB
637,turntakingA,turntakingB,turntakingC,challengerB,challengerC,challengerA
638,randomB,randomA,rotate0C,rotate0B,randomC,rotate0A
639,equalizeB,equalizeC,casteC,equalizeA,casteB,casteA
640,turntakingA,randomC,randomB,turntakingB,randomA,turntakingC
641,turntakingA,rotateC,rotateB,turntakingB,rotateA,turntakingC
642,rotate0C,casteA,casteB,casteC,rotate0A,rotate0B
643,casteC,random3A,casteA,random3C,random3B,casteB
644,random3A,random3C,equalizeC,equalizeA,equalizeB,random3B
645,randomA,randomB,casteB,casteC,randomC,casteA
646,radicaleqB,radicaleqC,radicaleqA,radicaleqA,radicaleqB,radicaleqC
647,randomC,randomC,randomA,randomA,randomB,randomB
648,turntakingC,equalizeA,equalizeC,turntakingA,turntakingB,equalizeB
649,equalizeA,equalizeC,equalizeA,equalizeB,equalizeB,equalizeC
650,turntakingA,equalizeC,equalizeB,turntakingB,equalizeA,turntakingC
651,turntakingB,turntakingA,radicaleqC,radicaleqB,turntakingC,radicaleqA
652,equalizeA,equalizeB,equalizeA,equalizeC,equalizeC,equalizeB
653,challengerC,casteC,casteA,casteB,challengerA,challengerB
654,rotateC,challengerA,challengerB,challengerC,rotateA,rotateB
655,rotateC,challengerA,rotateA,rotateB,challengerB,challengerC
656,turntakingC,turntakingC,turntakingB,turntakingA,turntakingA,turntakingB
657,turntakingB,challengerA,challengerC,turntakingA,turntakingC,challengerB
658,casteC,rotate0A,rotate0C,casteA,casteB,rotate0B
659,rotate0C,randomB,rotate0B,randomA,rotate0A,randomC
660,random3C,turntakingA,random3A,random3B,turntakingB,turntakingC
661,random3A,randomC,randomB,random3B,randomA,random3C
662,rotate0B,randomA,randomC,rotate0A,rotate0C,randomB
663,rotate0B,challengerA,rotate0A,challengerC,challengerB,rotate0C
664,rotateA,rotateC,challengerC,challengerA,challengerB,rotateB
665,randomC,randomB,randomA,rotate0B,rotate0C,rotate0A
666,randomB,turntakingA,turntakingC,randomA,randomC,turntakingB
667,random3A,random3B,random3C,rotateB,rotateC,rotateA
668,rotateC,turntakingB,rotateB,turntakingA,rotateA,turntakingC
669,casteA,casteC,rotate0B,rotate0A,rotate0C,casteB
670,turntakingC,casteA,casteC,turntakingA,turntakingB,casteB
671,challengerC,equalizeB,challengerB,challengerA,equalizeC,equalizeA
672,challengerA,challengerB,radicaleqC,challengerC,radicaleqA,radicaleqB
673,challengerC,challengerB,challengerA,challengerB,challengerA,challengerC
674,rotateA,rotateC,rotate0B,rotate0A,rotate0C,rotateB
675,casteC,turntakingB,turntakingA,casteB,turntakingC,casteA
676,challengerC,randomC,randomA,randomB,challengerA,challengerB
677,radicaleqC,rotate0B,radicaleqB,radicaleqA,rotate0C,rotate0A
678,random3A,random3B,rotateB,rotateC,random3C,rotateA
679,rotate0B,rotate0A,rotate0A,rotate0C,rotate0C,rotate0B
680,equalizeA,equalizeB,equalizeC,equalizeB,equalizeC,equalizeA
681,challengerC,rotateA,challengerA,rotateC,rotateB,challengerB
682,radicaleqA,radicaleqB,challengerB,challengerC,radicaleqC,challengerA
683,challengerC,challengerC,challengerA,challengerB,challengerA,challengerB
684,randomA,randomB,equalizeB,equalizeC,randomC,equalizeA
685,radicaleqC,casteA,casteB,casteC,radicaleqA,radicaleqB
686,equalizeA,equalizeC,rotateC,rotateA,rotateB,equalizeB
687,randomA,randomA,randomB,randomB,randomC,randomC
688,random3C,random3B,random3A,rotate0B,rotate0C,rotate0A
689,challengerC,challengerB,challengerA,challengerB,challengerC,challengerA
690,rotate0C,casteB,rotate0B,casteA,rotate0A,casteC
691,rotateC,radicaleqC,radicaleqA,radicaleqB,rotateA,rotateB
692,challengerC,casteA,casteC,challengerA,challengerB,casteB
693,radicaleqA,radicaleqC,equalizeC,equalizeA,equalizeB,radicaleqB
694,rotate0C,challengerB,challengerA,rotate0B,challengerC,rotate0A
695,rotate0A,rotate0B,radicaleqB,radicaleqC,rotate0C,radicaleqA
696,rotate0B,rotate0B,rotate0C,rotate0A,rotate0C,rotate0A
697,casteC,randomB,casteB,casteA,randomC,randomA
698,randomC,rotate0A,rotate0C,randomA,randomB,rotate0B
699,rotate0C,randomA,randomB,randomC,rotate0A,rotate0B
700,random3A,random3B,random3C,casteB,casteC,casteA
701,randomB,randomC,randomA,randomA,randomC,randomB
702,radicaleqC,radicaleqC,radicaleqA,radicaleqA,radicaleqB,radicaleqB
703,rotate0C,rotateB,rotate0B,rotateA,rotate0A,rotateC
704,challengerC,turntakingB,challengerB,challengerA,turntakingC,turntakingA
705,radicaleqC,radicaleqA,radicaleqA,radicaleqB,radicaleqC,radicaleqB
706,radicaleqB,radicaleqC,turntakingC,radicaleqA,turntakingB,turntakingA
707,radicaleqB,challengerA,challengerC,radicaleqA,radicaleqC,challengerB
708,casteC,radicaleqC,radicaleqA,radicaleqB,casteA,casteB
709,radicaleqB,radicaleqC,rotateC,radicaleqA,rotateB,rotateA
710,equalizeC,equalizeA,equalizeB,equalizeB,equalizeC,equalizeA
711,random3A,random3B,challengerB,challengerC,random3C,challengerA
712,equalizeC,randomC,randomA,randomB,equalizeA,equalizeB
713,radicaleqC,randomB,radicaleqB,radicaleqA,randomC,randomA
714,rotate0A,rotate0B,rotate0C,random3B,random3C,random3A
715,turntakingA,random3C,random3B,turntakingB,random3A,turntakingC
716,equalizeC,equalizeB,equalizeA,equalizeB,equalizeC,equalizeA
717,casteC,radicaleqA,radicaleqC,casteA,casteB,radicaleqB
718,random3B,casteA,casteC,random3A,random3C,casteB
719,challengerC,challengerB,challengerA,random3B,random3C,random3A
720,randomB,random3A,randomA,random3C,random3B,randomC
721,radicaleqC,radicaleqB,radicaleqA,randomB,randomC,randomA
722,random3A,random3B,random3B,random3C,random3A,random3C
723,randomB,randomA,randomB,randomC,randomC,randomA
724,equalizeB,casteA,equalizeA,casteC,casteB,equalizeC
725,turntakingC,rotate0C,rotate0A,rotate0B,turntakingA,turntakingB
726,random3A,random3B,random3C,random3C,random3B,random3A
727,casteC,challengerB,casteB,challengerA,casteA,challengerC
728,casteA,casteB,rotateC,casteC,rotateA,rotateB
729,equalizeC,casteA,equalizeA,equalizeB,casteB,casteC
730,equalizeC,turntakingA,equalizeA,equalizeB,turntakingB,turntakingC
731,turntakingA,turntakingB,rotate0C,turntakingC,rotate0A,rotate0B
732,radicaleqA,radicaleqC,casteC,casteA,casteB,radicaleqB
733,rotate0A,rotate0C,radicaleqC,radicaleqA,radicaleqB,rotate0B
734,challengerB,casteA,challengerC,casteB,challengerA,casteC
735,randomB,challengerA,challengerC,randomA,randomC,challengerB
736,rotate0B,rotate0C,rotate0A,rotate0A,rotate0B,rotate0C
737,random3B,random3B,random3C,random3A,random3C,random3A
738,challengerC,rotate0A,rotate0C,challengerA,challengerB,rotate0B
739,random3A,random3B,turntakingB,turntakingC,random3C,turntakingA
740,rotate0B,random3A,rotate0A,random3C,random3B,rotate0C
741,turntakingA,turntakingC,rotateB,rotateA,rotateC,turntakingB
742,random3B,turntakingA,random3A,turntakingC,turntakingB,random3C
743,challengerB,equalizeA,challengerC,equalizeB,challengerA,equalizeC
744,rotate0B,turntakingA,turntakingC,rotate0A,rotate0C,turntakingB
745,equalizeB,challengerA,challengerC,equalizeA,equalizeC,challengerB
746,rotateA,rotateB,rotateC,turntakingB,turntakingC,turntakingA
747,casteC,challengerA,casteA,casteB,challengerB,challengerC
748,casteA,rotateC,rotateB,casteB,rotateA,casteC
749,radicaleqB,equalizeA,radicaleqA,equalizeC,equalizeB,radicaleqC
750,radicaleqC,radicaleqB,radicaleqA,rotate0B,rotate0C,rotate0A
751,rotateA,rotateB,randomC,rotateC,randomA,randomB
752,turntakingC,random3A,random3C,turntakingA,turntakingB,random3B
753,randomC,randomC,randomB,randomA,randomB,randomA
754,rotateC,rotateC,rotateA,rotateB,rotateA,rotateB
755,random3A,random3B,casteB,casteC,random3C,casteA
756,turntakingA,turntakingC,casteB,casteA,casteC,turntakingB
757,rotate0A,rotate0A,rotate0B,rotate0C,rotate0B,rotate0C
758,random3B,random3C,rotateC,random3A,rotateB,rotateA
759,radicaleqA,radicaleqC,turntakingC,turntakingA,turntakingB,radicaleqB
760,equalizeA,rotate0C,rotate0B,equalizeB,rotate0A,equalizeC
761,casteA,casteB,radicaleqC,casteC,radicaleqA,radicaleqB
762,casteB,casteA,casteC,casteC,casteB,casteA
763,casteB,casteA,equalizeC,equalizeB,casteC,equalizeA
764,challengerC,radicaleqC,radicaleqA,radicaleqB,challengerA,challengerB
765,randomC,turntakingB,randomB,turntakingA,randomA,turntakingC
766,random3B,turntakingA,turntakingC,random3A,random3C,turntakingB
767,rotateB,rotateB,rotateC,rotateA,rotateC,rotateA
768,equalizeB,equalizeC,equalizeA,equalizeC,equalizeA,equalizeB
769,rotate0C,rotate0B,rotate0B,rotate0A,rotate0A,rotate0C
770,challengerA,challengerB,randomC,challengerC,randomA,randomB
771,rotate0B,radicaleqA,radicaleqC,rotate0A,rotate0C,radicaleqB
772,challengerC,random3B,challengerB,challengerA,random3C,random3A
773,random3C,equalizeA,random3A,random3B,equalizeB,equalizeC
774,radicaleqC,rotateB,rotateA,radicaleqB,rotateC,radicaleqA
775,rotateB,rotate0A,rotateC,rotate0B,rotateA,rotate0C
776,rotateB,equalizeA,rotateC,equalizeB,rotateA,equalizeC
777,rotateC,radicaleqB,rotateB,rotateA,radicaleqC,radicaleqA
778,challengerB,challengerA,random3C,random3B,challengerC,random3A
779,randomC,turntakingA,randomA,randomB,turntakingB,turntakingC
780,rotate0C,rotate0A,rotate0C,rotate0A,rotate0B,rotate0B
781,equalizeC,equalizeA,equalizeA,equalizeB,equalizeC,equalizeB
782,randomC,challengerA,randomA,randomB,challengerB,challengerC
783,random3C,challengerB,challengerA,random3B,challengerC,random3A
784,equalizeC,rotate0C,rotate0A,rotate0B,equalizeA,equalizeB
785,randomC,rotateB,rotateA,randomB,rotateC,randomA
786,radicaleqA,radicaleqB,radicaleqC,casteB,casteC,casteA
787,casteA,casteB,turntakingB,turntakingC,casteC,turntakingA
788,equalizeC,rotateB,equalizeB,rotateA,equalizeA,rotateC
789,radicaleqB,equalizeA,equalizeC,radicaleqA,radicaleqC,equalizeB
790,rotateA,rotateC,equalizeB,equalizeA,equalizeC,rotateB
791,challengerC,randomA,challengerA,randomC,randomB,challengerB
792,challengerA,randomC,randomB,challengerB,randomA,challengerC
793,equalizeA,randomC,randomB,equalizeB,randomA,equalizeC
794,randomC,randomA,randomB,randomA,randomB,randomC
795,challengerC,challengerB,challengerA,casteB,casteC,casteA
796,randomB,randomC,randomC,randomA,randomA,randomB
797,turntakingB,turntakingC,challengerC,turntakingA,challengerB,challengerA
798,equalizeC,rotate0A,equalizeA,rotate0C,rotate0B,equalizeB
799,radicaleqA,rotate0C,rotate0B,radicaleqB,rotate0A,radicaleqC
800,random3C,challengerA,challengerB,challengerC,random3A,random3B
801,equalizeC,random3A,random3C,equalizeA,equalizeB,random3B
802,turntakingC,challengerA,challengerB,challengerC,turntakingA,turntakingB
803,equalizeA,equalizeC,equalizeB,equalizeA,equalizeB,equalizeC
804,radicaleqC,rotateA,radicaleqA,radicaleqB,rotateB,rotateC
805,radicaleqA,radicaleqB,radicaleqB,radicaleqC,radicaleqC,radicaleqA
806,random3C,rotate0B,random3B,random3A,rotate0C,rotate0A
807,rotate0C,random3A,rotate0A,rotate0B,random3B,random3C
808,rotate0C,radicaleqA,radicaleqB,radicaleqC,rotate0A,rotate0B
809,turntakingB,turntakingA,casteC,casteB,turntakingC,casteA
810,radicaleqA,radicaleqB,radicaleqC,radicaleqB,radicaleqC,radicaleqA
811,turntakingC,rotateB,turntakingB,turntakingA,rotateC,rotateA
812,radicaleqB,radicaleqC,radicaleqC,radicaleqA,radicaleqA,radicaleqB
813,rotate0A,rotate0B,rotate0C,challengerB,challengerC,challengerA
814,random3C,randomA,random3A,randomC,randomB,random3B
815,rotateC,rotateC,rotateA,rotateB,rotateB,rotateA
816,challengerC,turntakingA,turntakingC,challengerA,challengerB,turntakingB
817,randomC,casteB,randomB,casteA,randomA,casteC
818,equalizeC,rotateA,equalizeA,equalizeB,rotateB,rotateC
819,rotate0B,rotate0C,randomC,rotate0A,randomB,randomA
820,turntakingC,turntakingB,turntakingA,random3B,random3C,random3A
821,challengerB,challengerA,challengerB,challengerA,challengerC,challengerC
822,equalizeB,radicaleqA,equalizeC,radicaleqB,equalizeA,radicaleqC
823,randomA,randomC,turntakingC,turntakingA,turntakingB,randomB
824,radicaleqA,radicaleqB,radicaleqC,challengerB,challengerC,challengerA
825,random3C,radicaleqA,random3A,random3B,radicaleqB,radicaleqC
826,challengerC,challengerB,challengerA,randomB,randomC,randomA
827,randomC,radicaleqB,radicaleqA,randomB,radicaleqC,randomA
828,rotate0B,rotate0C,rotate0B,rotate0C,rotate0A,rotate0A
829,challengerC,random3A,random3C,challengerA,challengerB,random3B
830,radicaleqB,challengerA,radicaleqA,challengerC,challengerB,radicaleqC
831,rotateC,randomA,randomC,rotateA,rotateB,randomB
832,equalizeA,equalizeC,randomB,randomA,randomC,equalizeB
833,casteC,casteB,casteA,radicaleqB,radicaleqC,radicaleqA
834,equalizeA,equalizeC,challengerC,challengerA,challengerB,equalizeB
835,equalizeC,challengerB,equalizeB,challengerA,equalizeA,challengerC
836,challengerA,rotate0C,rotate0B,challengerB,rotate0A,challengerC
837,random3C,rotateA,random3A,random3B,rotateB,rotateC
838,equalizeA,equalizeB,turntakingB,turntakingC,equalizeC,turntakingA
839,equalizeA,equalizeB,equalizeC,turntakingB,turntakingC,turntakingA
840,equalizeC,randomB,equalizeB,equalizeA,randomC,randomA
841,equalizeC,equalizeA,equalizeC,equalizeB,equalizeA,equalizeB
842,rotateC,equalizeC,equalizeA,equalizeB,rotateA,rotateB
843,radicaleqA,radicaleqB,radicaleqC,turntakingB,turntakingC,turntakingA
844,equalizeA,equalizeB,equalizeC,rotateB,rotateC,rotateA
845,rotate0C,radicaleqB,rotate0B,radicaleqA,rotate0A,radicaleqC
846,rotateC,rotateB,rotateA,randomB,randomC,randomA
847,casteA,casteB,random3C,casteC,random3A,random3B
848,radicaleqC,rotate0C,rotate0A,rotate0B,radicaleqA,radicaleqB
849,challengerC,randomA,randomC,challengerA,challengerB,randomB
850,rotateC,rotateA,rotateB,rotateA,rotateB,rotateC
851,random3B,challengerA,random3A,challengerC,challengerB,random3C
852,random3B,random3C,challengerC,random3A,challengerB,challengerA
853,random3A,random3B,rotate0C,random3C,rotate0A,rotate0B
854,randomA,randomC,radicaleqC,radicaleqA,radicaleqB,randomB
855,casteC,challengerB,challengerA,casteB,challengerC,casteA
856,radicaleqA,radicaleqB,radicaleqC,radicaleqB,radicaleqC,radicaleqA
857,turntakingC,turntakingB,turntakingA,randomB,randomC,randomA
858,casteC,casteB,casteA,randomB,randomC,randomA
859,random3A,random3B,random3C,radicaleqB,radicaleqC,radicaleqA
860,randomB,equalizeA,randomA,equalizeC,equalizeB,randomC
861,random3C,randomA,randomC,random3A,random3B,randomB
862,rotateC,rotateB,rotateA,radicaleqB,radicaleqC,radicaleqA
863,equalizeB,rotateA,equalizeA,rotateC,rotateB,equalizeC
864,equalizeA,equalizeB,equalizeC,challengerB,challengerC,challengerA
865,rotateA,rotateB,rotateC,casteB,casteC,casteA
866,rotate0B,rotate0B,rotate0A,rotate0A,rotate0C,rotate0C
867,random3C,turntakingB,random3B,turntakingA,random3A,turntakingC
868,rotateA,rotateB,casteB,casteC,rotateC,casteA
869,casteA,casteB,casteC,challengerB,challengerC,challengerA
870,randomA,randomB,randomC,randomC,randomA,randomB
871,randomB,rotateA,randomA,rotateC,rotateB,randomC
872,radicaleqC,radicaleqB,radicaleqC,radicaleqA,radicaleqA,radicaleqB
873,random3C,equalizeB,random3B,equalizeA,random3A,equalizeC
874,casteC,casteB,casteA,rotate0B,rotate0C,rotate0A
875,random3B,equalizeA,equalizeC,random3A,random3C,equalizeB
876,turntakingB,turntakingA,turntakingC,turntakingA,turntakingB,turntakingC
877,challengerA,challengerC,randomB,randomA,randomC,challengerB
878,challengerC,challengerC,challengerB,challengerA,challengerB,challengerA
879,rotateC,rotateB,rotateA,rotateA,rotateC,rotateB
880,turntakingC,turntakingB,turntakingA,equalizeB,equalizeC,equalizeA
881,turntakingC,turntakingA,turntakingA,turntakingB,turntakingB,turntakingC
882,casteB,challengerA,challengerC,casteA,casteC,challengerB
883,radicaleqA,radicaleqA,radicaleqB,radicaleqC,radicaleqC,radicaleqB
884,rotateB,rotateA,equalizeC,equalizeB,rotateC,equalizeA
885,rotate0C,random3B,rotate0B,random3A,rotate0A,random3C
886,rotateA,rotateB,radicaleqC,rotateC,radicaleqA,radicaleqB
887,rotateC,turntakingA,rotateA,rotateB,turntakingB,turntakingC
888,rotate0C,turntakingB,rotate0B,turntakingA,rotate0A,turntakingC
889,randomB,casteA,randomA,casteC,casteB,randomC
890,rotateA,rotateB,random3C,rotateC,random3A,random3B
891,challengerA,challengerB,equalizeC,challengerC,equalizeA,equalizeB
892,randomB,randomB,randomC,randomC,randomA,randomA
893,radicaleqB,radicaleqA,random3C,random3B,radicaleqC,random3A
894,randomC,equalizeA,randomA,randomB,equalizeB,equalizeC
895,random3C,rotateB,random3B,rotateA,random3A,rotateC
896,casteB,casteC,casteA,casteA,casteC,casteB
897,equalizeB,randomA,equalizeC,randomB,equalizeA,randomC
898,equalizeC,casteB,equalizeB,casteA,equalizeA,casteC
899,rotateC,rotateA,rotateB,rotateB,rotateA,rotateC
900,turntakingC,casteC,casteA,casteB,turntakingA,turntakingB
